Title,Authors,DOI,DOI link,Venue,Citation count,Year,Baseline Diet,"Reasoning for ""Baseline Diet""",Intervention Isolation,"Reasoning for ""Intervention Isolation""",Intervention Type,"Reasoning for ""Intervention Type""",Mental Health Status,"Reasoning for ""Mental Health Status""",Outcome Measures,"Reasoning for ""Outcome Measures""",Population Age,"Reasoning for ""Population Age""",Study Design,"Reasoning for ""Study Design""",Temporal Documentation,"Reasoning for ""Temporal Documentation""",Screening judgement,"Reasoning for ""Screening judgement""",Screening score
Diet and the risk of unipolar depression in adults: systematic review of cohort studies.,"C. Sanhueza, L. Ryan, D. Foxcroft",10.1111/j.1365-277X.2012.01283.x,https://doi.org/10.1111/j.1365-277X.2012.01283.x,Journal of human nutrition and dietetics (Print),147,2013,maybe,The abstract does not mention assessment of baseline dietary patterns.,maybe,"The paper is a review examining associations between diet and depression, rather than an intervention study. The abstract does not discuss isolated dietary interventions.",yes,"The study examines whole dietary patterns, including various foods and nutrients (folate, omega-3, fruits, vegetables, etc.).",yes,The study appears to focus on general population risk of depression rather than those with existing severe mental illness.,maybe,"The study examines depression and depressive symptoms as outcomes, which are related to mental well-being, but it is not clear if life satisfaction is measured.",yes,The study explicitly includes adults (18-97 years).,yes,The paper reviews longitudinal studies with follow-up periods of 2-13 years.,yes,The abstract mentions follow-up periods ranging from 2 to 13 years.,Exclude,"The systematic review explores dietary associations with depression risk across adult populations, examining multiple nutrients and food groups over extended follow-up periods. While meeting several screening criteria related to population age, study design, and mental health status, the paper lacks clear evidence of isolated dietary interventions and comprehensive baseline diet assessments. The research provides insights into potential dietary influences on depression but does not fully satisfy all predefined screening requirements.",1.3
Dietary Pattern and Mental Health: Review of Literature,"A. Tarelho, M. Duarte, J. Melim, A. Batista, S. Almeida",10.1016/j.eurpsy.2016.01.1911,https://doi.org/10.1016/j.eurpsy.2016.01.1911,European psychiatry,5,2016,no,The abstract does not mention assessment of baseline dietary patterns.,maybe,"The reasoning is unclear whether the dietary intervention was studied independently of other major lifestyle interventions, as this is a review paper that looks at multiple studies and does not specify the isolation of the intervention.",yes,"The paper focuses on whole dietary patterns, specifically mentioning Mediterranean diet and ""healthy eating habits"" rather than single nutrients.",maybe,The abstract does not specify whether the studies focused on generally healthy participants or those with mental health conditions.,maybe,"The paper discusses mental health outcomes including depression and anxiety, but it is not clear if these were measured quantitatively as primary outcomes.",maybe,No specific mention of participant age ranges.,no,"This is a review paper, not a primary longitudinal study. While it includes RCTs in its analysis, it is not itself an RCT or cohort study.",no,"As a review paper, it does not report specific timeframes between dietary changes and outcomes.",Exclude,"The systematic review explores dietary patterns and mental health, but fails to meet several critical screening criteria including intervention isolation, baseline diet assessment, and temporal documentation. While the paper discusses whole dietary patterns and mental health outcomes, its review nature and lack of specificity prevent it from qualifying as a primary intervention study. Multiple screening criteria remain unclear or unmet, limiting its potential for inclusion.",0.5
The effects of changes to the built environment on the mental health and well‐being of adults: Systematic review,"Theresa Hm Moore, Theresa Hm Moore, Joanna M Kesten, José A. López-López, S. Ijaz, A. McAleenan, Alison Richards, Selena Gray, Jelena Savović, Suzanne Audrey",10.1016/j.healthplace.2018.07.012,https://doi.org/10.1016/j.healthplace.2018.07.012,Health and Place,203,2018,no,There is no mention of dietary patterns or baseline dietary assessment in the abstract.,no,"The paper focuses on built environment interventions, not dietary interventions, and the abstract makes no mention of dietary changes.",no,"The interventions studied are environmental changes (urban regeneration and green infrastructure), not dietary pattern improvements.",maybe,The abstract doesn't specify whether participants had pre-existing mental health conditions or were generally healthy.,maybe,"The study does include mental health and quality-of-life outcomes, which align with the criterion of measuring mental well-being. However, these are secondary to the main focus on built environment interventions.",maybe,The abstract doesn't mention participant age ranges.,yes,"The paper specifically focuses on randomized controlled trials and controlled before-and-after studies, which meets the longitudinal study requirement.",maybe,"While the abstract mentions ""controlled before-and-after studies,"" it doesn't specify the timeframes between interventions and outcomes.",Exclude,"The systematic review focuses on dietary interventions and mental health outcomes, but this abstract describes built environment interventions unrelated to dietary changes. Critical screening criteria related to dietary patterns, intervention type, and baseline diet are not met, rendering the study inappropriate for inclusion in the review. The fundamental mismatch between the study's focus and the review's requirements necessitates exclusion.",0.1
Short-term effects of a Mediterranean-style dietary pattern on cognition and mental well-being: a systematic review of clinical trials,"Latife Esgunoglu, A. Jennings, E. S. Connole, K. Murphy, A. Minihane",10.1017/S0007114521002567,https://doi.org/10.1017/S0007114521002567,British Journal of Nutrition,9,2021,maybe,The abstract does not mention whether baseline dietary patterns were assessed or confirmed as poor.,maybe,"The abstract does not explicitly state whether other lifestyle interventions were controlled for. However, since this is a systematic review of RCTs, there is a good chance the included studies controlled for confounding variables, but this is not confirmed.",yes,"The study examines a Mediterranean-style dietary pattern (MDP), which is a whole dietary pattern rather than single nutrient supplementation.",maybe,The abstract does not specify whether participants were generally healthy or had pre-existing mental health conditions.,yes,"The study explicitly focuses on ""cognition and overall mental well-being"" as primary outcomes, including specific measures like attention, alertness, and contentment.",maybe,The abstract does not mention participant age ranges.,yes,"The review specifically focuses on randomized controlled trials (RCTs), though the follow-up period (up to 10 days) is shorter than the required 2 weeks.",yes,The study specifically focuses on short-term effects (up to 10 days) and appears to document temporal relationships between intervention and outcomes.,Exclude,"A systematic review examining Mediterranean dietary pattern's short-term effects on cognitive and mental well-being presents promising initial findings, but lacks clarity on several critical screening criteria including baseline diet, participant mental health status, and age range. While the study demonstrates potential for dietary interventions to improve mental outcomes, significant methodological uncertainties exist regarding comprehensive screening requirements.",2.1
Does an inflammatory diet affect mental well-being in late childhood and mid-life? A cross-sectional study,"Kate Lycett, Disna J. Wijayawickrama, Mengjiao Liu, A. Grobler, D. Burgner, L. Baur, Richard S Liu, Katherine Lange, M. Wake, Jessica A. Kerr",10.1017/S0007114521001616,https://doi.org/10.1017/S0007114521001616,British Journal of Nutrition,1,2021,maybe,"While the study measures inflammatory diet patterns, it does not explicitly confirm poor dietary patterns at baseline.",maybe,"The reasoning is unclear whether the dietary intervention was studied independently of other major lifestyle interventions, as the study does not explicitly state whether other lifestyle interventions were controlled for.",yes,The study examines whole dietary patterns (inflammatory diet scores) rather than single nutrients.,yes,"The study appears to focus on general population mental well-being across the spectrum, not exclusively on those with severe mental illness.",yes,"The study includes quantitative measures of mental well-being, including ""psychosocial health, quality of life and life satisfaction surveys.""",no,"The study includes children aged 11-12 years, which fails to meet the criterion of only adult participants (≥18 years).",no,"This is a cross-sectional study, not a longitudinal study with follow-up. The abstract explicitly states it's ""cross-sectional population-based data.""",no,"This is a cross-sectional study, not a longitudinal study with documented timeframes between dietary changes and outcomes.",Exclude,"The study fails to meet key screening criteria due to its cross-sectional design, inclusion of children under 18, and lack of temporal documentation between dietary changes and outcomes. Despite examining relevant dietary patterns and mental well-being measures, the research does not align with the specified methodological requirements for longitudinal intervention studies. Critical limitations include the absence of a follow-up period and the inclusion of participants outside the adult age range.",0.5
"The Big Three Health Behaviors and Mental Health and Well-Being Among Young Adults: A Cross-Sectional Investigation of Sleep, Exercise, and Diet","S. Wickham, Natasha A. Amarasekara, A. Bartonicek, Tamlin S. Conner",10.3389/fpsyg.2020.579205,https://doi.org/10.3389/fpsyg.2020.579205,Frontiers in Psychology,114,2020,no,The study doesn't assess or confirm poor dietary patterns at baseline. It simply measures current dietary habits.,no,"This is not an intervention study at all, but rather a cross-sectional survey examining correlations between existing behaviors and mental health outcomes. Therefore, the dietary intervention is not studied independently of other major lifestyle interventions.",no,"This is not an intervention study. While it examines dietary patterns (fruit/vegetable consumption, fast food, etc.), it doesn't implement any dietary changes.",yes,"The study focuses on generally healthy young adults, not those with severe mental illness.",yes,The study includes quantitative measures of mental well-being (Flourishing Scale) and depressive symptoms (CES-D) as primary outcomes.,yes,"The study includes young adults aged 18-25, meeting the adult age requirement.",no,"This is a cross-sectional survey design, not a longitudinal study. There is no follow-up period.",no,"As a cross-sectional study, there is no temporal documentation of changes and outcomes. It only looks at correlations at a single time point.",Exclude,"This cross-sectional survey examining health behaviors and mental health fails to meet key screening criteria for an intervention study, particularly lacking a longitudinal design, temporal documentation, and isolated dietary intervention. While the research includes appropriate outcome measures and population age, its correlational nature disqualifies it from systematic review inclusion focused on dietary interventions and mental health outcomes.",0.5
"Changes over time in mental well-being, fruit and vegetable consumption and physical activity in a community-based lifestyle intervention: a before and after study.","Rebecca E. Johnson, Wendy Robertson, Marsha Towey, Sarah Stewart-Brown, Aileen Clarke",10.1016/j.puhe.2017.01.012,https://doi.org/10.1016/j.puhe.2017.01.012,Public Health,27,2017,maybe,"While the study measures fruit and vegetable consumption, it doesn't explicitly state whether poor dietary patterns were confirmed at baseline.",no,"The study explicitly describes a ""multi component intervention"" that includes both exercise and healthy eating education, indicating that the dietary intervention is not studied in isolation.",yes,"The intervention appears to focus on ""healthy eating education"" rather than single nutrient supplementation, suggesting a whole dietary pattern approach.",yes,"The study appears to focus on community participants in a general setting, with no mention of specific mental health conditions or eating disorders.",yes,"The study uses the Warwick-Edinburgh Mental Well-being Scale as a quantitative measure of mental well-being, which is clearly a primary outcome.",yes,"The abstract specifically mentions ""adult participants.""",maybe,"While the study is longitudinal with appropriate follow-up duration (12 weeks + 3 months), it's described as a ""before and after study"" rather than an RCT or cohort study, which may not meet the strict design requirements.",yes,The study clearly documents timeframes: 12-week intervention with immediate post-intervention and 3-month follow-up measurements.,Exclude,"A multi-component lifestyle intervention examining mental well-being through dietary and exercise changes presents challenges for isolating specific dietary effects. While the study demonstrates improvements in mental well-being and includes adult participants with comprehensive temporal documentation, the mixed intervention approach prevents clear attribution of outcomes to dietary changes alone. The research provides insights into lifestyle interventions but falls short of strict methodological requirements for dietary intervention studies.",1.3
A High Polyphenol Diet Improves Psychological Well-Being: The Polyphenol Intervention Trial (PPhIT),"M. Kontogianni, A. Vijayakumar, C. Rooney, R. Noad, K. Appleton, D. McCarthy, M. Donnelly, I. Young, M. McKinley, P. McKeown, J. Woodside",10.3390/nu12082445,https://doi.org/10.3390/nu12082445,Nutrients,36,2020,maybe,"While there is a washout period, the abstract does not explicitly confirm poor dietary patterns at baseline.",maybe,"The study focuses on a polyphenol diet intervention, but the participants are mildly hypertensive, which might introduce confounding factors. However, the abstract does not mention other lifestyle interventions, so the intervention appears to be studied independently.",maybe,"The intervention focuses on polyphenol content, which is a specific dietary component rather than a whole dietary pattern improvement. This is a significant limitation.",yes,"Participants appear to be generally healthy with mild hypertension, not those with severe mental illness.",yes,The study includes quantitative measures of mental well-being through validated tools (Beck Depression Inventory-II and 36-Item Short Form Survey).,yes,"Participants are aged 40-65 years, meeting the adult requirement.",yes,"This is a randomized controlled trial with 8-week follow-up (plus 4-week washout), exceeding the 2-week minimum requirement.",yes,The study clearly documents timeframes: 4-week washout period followed by 8-week intervention.,Include,"A polyphenol dietary intervention study on mildly hypertensive adults demonstrates promising mental health outcomes through validated psychological assessment tools. While meeting most screening criteria, the research has limitations in its narrow focus on a specific nutrient rather than comprehensive dietary pattern and unclear baseline dietary assessment. The study provides insights into potential dietary interventions for mental well-being, though with some methodological constraints.",3
The potential role of fruit and vegetables in aspects of psychological well-being: a review of the literature and future directions,"C. Rooney, M. McKinley, J. Woodside",10.1017/S0029665113003388,https://doi.org/10.1017/S0029665113003388,Proceedings of the Nutrition Society,109,2013,no,"As a review paper, it does not assess baseline dietary patterns of participants.",maybe,"The paper is a review paper rather than an intervention study, so it does not directly test an isolated dietary intervention.",yes,"The paper specifically focuses on whole foods (fruits and vegetables) rather than single nutrients, though it notes that some studies look at individual nutrients.",maybe,"The abstract mentions ""mental ill health"" but does not specify whether studies focus on healthy participants or those with mental illness.",maybe,"The paper focuses on ""psychological well-being"" as an outcome, but it is a review of existing literature rather than presenting primary quantitative measures.",maybe,No information about participant age ranges is provided in the abstract.,no,"This is a literature review rather than a longitudinal study. The abstract actually calls for future RCTs, indicating that current evidence is predominantly observational.",no,"As a review paper, it does not report specific timeframes between dietary changes and outcomes.",Exclude,"The systematic review fails to meet multiple screening criteria, primarily because it is a literature review rather than a primary research study with direct intervention data. Key limitations include the absence of specific temporal documentation, lack of clarity on participant characteristics, and the observational nature of the reviewed studies. The paper calls for future randomized controlled trials, indicating current methodological gaps in understanding the relationship between fruits, vegetables, and psychological well-being.",0.5
Nutritional psychiatry: the present state of the evidence,"W. Marx, G. Moseley, M. Berk, F. Jacka",10.1017/S0029665117002026,https://doi.org/10.1017/S0029665117002026,Proceedings of the Nutrition Society,285,2017,no,"The abstract does not mention any assessment or confirmation of poor dietary patterns at baseline, so the reasoning is not met.",maybe,"The abstract does not specify whether the dietary interventions were studied independently of other major lifestyle interventions, so the reasoning is unclear.",yes,"The paper focuses on dietary patterns and diet quality rather than single nutrient supplementation, so the reasoning is met.",no,"The abstract specifically focuses on populations with mental illness, including depression, anxiety, bipolar disorder, and schizophrenia, rather than generally healthy participants, so the reasoning is not met.",maybe,"While the abstract discusses mental health outcomes, it does not explicitly state whether quantitative measures of mental well-being or life satisfaction were used as primary outcomes, so the reasoning is only partially met.",maybe,"The abstract mentions ""multiple populations and age groups"" but does not specify whether participants were exclusively adults, so the reasoning is unclear.",maybe,"While the abstract mentions an intervention trial, it does not specify the duration of follow-up or whether it was an RCT or cohort study, so the reasoning is only partially met.",no,"The abstract does not provide any specific timeframes for the relationship between dietary changes and measured outcomes, so the reasoning is not met.",Exclude,"The abstract describes a review of nutritional psychiatry that primarily focuses on clinical populations with mental illness, which deviates from the screening criteria seeking studies on generally healthy participants. Multiple screening criteria remain unmet or unclear, including intervention isolation, baseline diet assessment, and specific temporal documentation of dietary interventions. The paper's comprehensive review nature and clinical population focus significantly reduce its alignment with the predefined screening requirements.",0.5
The impact of whole-of-diet interventions on depression and anxiety: a systematic review of randomised controlled trials,"Rachelle S. Opie, A. O'Neil, C. Itsiopoulos, F. Jacka",10.1017/S1368980014002614,https://doi.org/10.1017/S1368980014002614,Public Health Nutrition,195,2015,no,The abstract does not mention whether baseline dietary patterns were assessed or confirmed as poor.,maybe,"The abstract does not explicitly state whether other lifestyle interventions were controlled for, but as a systematic review of RCTs, it likely included studies with isolated dietary interventions, though this is not confirmed.",yes,"The abstract discusses dietary interventions broadly and mentions ""diet quality,"" suggesting whole dietary pattern improvements rather than single nutrient supplementation.",maybe,"The abstract mentions that only one trial specifically investigated clinical depression, suggesting most studies focused on generally healthy participants, but this is not explicitly stated.",yes,The study clearly focuses on quantitative measures of depression and anxiety as primary outcomes.,no,The abstract does not specify the age range of participants.,yes,"The paper specifically reviews RCTs, which meets the longitudinal study requirement.",no,"While the abstract mentions RCTs, it does not specify the timeframes between dietary changes and outcomes.",Include,"A systematic review of dietary interventions for mental health reveals mixed evidence, with only 47% of studies showing significant effects on depression outcomes. While the study meets some screening criteria like outcome measures and intervention type, significant uncertainties exist regarding intervention isolation, baseline diet assessment, and participant characteristics. The review's focus on depression and anxiety, rather than general mental well-being, further complicates its alignment with the screening criteria.",2.7
Fruit and Vegetable Intake and Mental Health in Adults: A Systematic Review,"D. Głąbska, D. Guzek, B. Groele, K. Gutkowska",10.3390/nu12010115,https://doi.org/10.3390/nu12010115,Nutrients,292,2020,maybe,"The abstract does not mention assessment of baseline dietary patterns, so this information is unclear.",maybe,"The abstract does not specify whether the included studies isolated dietary interventions from other lifestyle changes, so the reasoning is unclear.",no,"The study specifically focuses on fruit and vegetable intake rather than whole dietary pattern improvements, as the abstract explicitly states ""those studies that assessed the general dietary patterns were not included.""",yes,"The study focuses on ""healthy participants and subjects with physical health problems"" and explicitly excludes ""patients with intellectual disabilities, dementia, and eating disorders.""",yes,"The study includes multiple quantitative measures of mental well-being, including ""general and mental well-being, quality of life, life satisfaction, flourishing, mood, self-efficacy, curiosity, creativity, optimism, self-esteem, stress, nervousness, or happiness.""",yes,The abstract specifically mentions the study focuses on adults.,no,"This is a systematic review of observational studies, not a primary longitudinal study, and the abstract does not specify the minimum follow-up period of included studies.",maybe,"As a systematic review of observational studies, temporal relationships between dietary changes and outcomes are not clearly specified in the abstract.",Exclude,"A systematic review of observational studies examining fruit and vegetable intake's impact on mental health, which partially meets screening criteria by focusing on adult populations and including mental well-being outcomes. However, the study fails to meet key requirements such as intervention isolation, whole dietary pattern assessment, and longitudinal study design. Multiple screening criteria remain unclear or unmet, limiting the study's alignment with the specified research parameters.",0.9
Nutrition and mental health: bidirectional associations and multidimensional measures,J. C. van der Pols,10.1017/S1368980017003974,https://doi.org/10.1017/S1368980017003974,Public Health Nutrition,18,2018,maybe,"While dietary patterns are discussed, there is no clear indication of assessing poor dietary patterns at baseline in an intervention context.",maybe,"The abstract does not describe a specific intervention study, but rather appears to be more of a review or commentary on existing research. Therefore, it is unclear whether the dietary intervention was studied independently of other major lifestyle interventions.",yes,"The abstract focuses on dietary patterns rather than single nutrients, discussing ""the totality of a person's dietary choices.""",yes,The focus appears to be on general population mental health rather than severe mental illness or eating disorders.,maybe,"The abstract mentions depression and mental health outcomes, but does not specify quantitative measures of mental well-being or life satisfaction as primary outcomes.",yes,The studies discussed focus on adults (mothers and fathers).,no,"This appears to be a commentary/editorial piece rather than a primary longitudinal study. While it discusses longitudinal studies, it is not one itself.",maybe,"While temporal relationships are discussed conceptually, this appears to be a commentary rather than a primary study reporting specific timeframes between dietary changes and measured outcomes.",Exclude,"The document appears to be a commentary discussing nutrition and mental health relationships, lacking the characteristics of a primary research intervention study. While touching on relevant concepts like dietary patterns and mental health outcomes, it fails to meet key screening criteria such as intervention isolation, specific outcome measures, and longitudinal study design. The text provides conceptual insights but does not constitute a research study that would satisfy the predefined screening requirements.",0.5
Association of Western and traditional diets with depression and anxiety in women.,"F. Jacka, J. Pasco, A. Mykletun, L. Williams, A. Hodge, S. O’Reilly, G. Nicholson, M. Kotowicz, M. Berk",10.1176/appi.ajp.2009.09060881,https://doi.org/10.1176/appi.ajp.2009.09060881,American Journal of Psychiatry,692,2010,maybe,"While the study assesses dietary patterns, it does not explicitly confirm poor dietary patterns at baseline. It identifies both ""traditional"" and ""western"" dietary patterns.",no,"The study is an observational study examining associations between diet and mental health, not an intervention study. The abstract does not mention any specific dietary intervention.",no,This is not an intervention study. It examines existing dietary patterns rather than implementing dietary changes.,yes,"The study focuses on a general population sample of women, not specifically those with severe mental illness.",yes,The study uses the GHQ-12 to measure psychological symptoms and includes structured clinical interviews for depression and anxiety disorders.,yes,"The study includes women aged 20-93 years, all adults.",no,This appears to be a cross-sectional study rather than a longitudinal study. There is no mention of follow-up periods.,no,"As an observational study, it does not document specific timeframes between dietary changes and outcomes. It looks at ""habitual"" diet patterns.",Exclude,"This cross-sectional study examining dietary patterns and mental health fails to meet key screening criteria due to its observational design, lack of specific dietary intervention, and absence of temporal documentation. While the research provides insights into diet and mental health associations, it does not qualify as an intervention study with longitudinal follow-up or isolated dietary changes.",0.5
A randomised controlled trial of dietary improvement for adults with major depression (the ‘SMILES’ trial),"F. Jacka, A. O'Neil, Rachelle S. Opie, C. Itsiopoulos, S. Cotton, Mohammedreza Mohebbi, D. Castle, S. Dash, C. Mihalopoulos, M. Chatterton, L. Brazionis, O. Dean, A. Hodge, M. Berk",10.1186/s12916-017-0791-y,https://doi.org/10.1186/s12916-017-0791-y,BMC Medicine,755,2017,maybe,"The abstract did not explicitly mention assessment of baseline dietary patterns, so it is unclear if poor dietary patterns were confirmed at baseline.",no,"The study explicitly included participants using psychotherapy and pharmacotherapy alongside the dietary intervention, which means the dietary intervention was not studied independently of other major lifestyle interventions.",yes,"The study examined whole dietary pattern improvements through ""seven individual nutritional consulting sessions delivered by a clinical dietician"" rather than single nutrient supplementation.",no,"The study specifically focused on participants with ""moderate to severe depression"" rather than generally healthy participants.",maybe,"While the study measured depression using MADRS, which is a quantitative measure of mental well-being, it was specifically focused on depression rather than general mental well-being or life satisfaction as primary outcomes.",maybe,"The abstract did not explicitly state the age range of participants, though given the context, they're likely adults.",yes,"The study was a randomized controlled trial with 12 weeks of follow-up, exceeding the minimum 2-week requirement.",yes,The study clearly documented a 12-week intervention period with specific outcome measurements at baseline and 12 weeks.,Exclude,"The study fails key screening criteria by including participants with severe depression and combining dietary interventions with psychotherapy and pharmacotherapy. While demonstrating a robust randomized controlled trial design with clear temporal documentation, the research does not meet requirements for intervention isolation or focus on generally healthy populations. Uncertainty remains regarding baseline dietary patterns and participant age range.",0.9
The Effects of Dietary Improvement on Symptoms of Depression and Anxiety: A Meta-Analysis of Randomized Controlled Trials,"J. Firth, W. Marx, S. Dash, R. Carney, S. Teasdale, M. Solmi, B. Stubbs, F. Schuch, A. Carvalho, F. Jacka, J. Sarris",10.1097/PSY.0000000000000673,https://doi.org/10.1097/PSY.0000000000000673,Psychosomatic Medicine,366,2019,maybe,"The abstract does not mention whether baseline dietary patterns were assessed or confirmed as poor, so this information is unclear.",maybe,"The abstract does not explicitly state whether the dietary interventions were studied in isolation from other lifestyle changes, so there is significant uncertainty around this criterion.",yes,"The study appears to examine dietary interventions broadly, not just single nutrient supplementation, as evidenced by the meta-analysis of various dietary interventions, so it meets this criterion.",yes,"The study explicitly includes both clinical and nonclinical populations, with the majority being nonclinical samples, so it meets this criterion.",maybe,"The study measures depression and anxiety symptoms, which are related to but not exactly the same as mental well-being or life satisfaction specified in the criteria, so it only partially meets this criterion.",maybe,"The abstract does not specify the age range of participants, so this information is unclear.",yes,"The paper is a meta-analysis of randomized controlled trials, which meets the longitudinal study requirement.",maybe,"While the study is a meta-analysis of RCTs, the abstract does not specify the timeframes between dietary changes and outcomes, so this information is unclear.",Include,"A meta-analysis of dietary interventions reveals promising results for reducing depressive symptoms, but significant uncertainties exist regarding intervention isolation, baseline diet assessment, and precise temporal documentation. While the study includes both clinical and nonclinical populations and examines broad dietary interventions, the focus on depression and anxiety symptoms rather than general mental well-being creates potential screening challenges. The research provides valuable insights but may not fully align with all predefined screening criteria.",2.7
Food and mood: how do diet and nutrition affect mental wellbeing?,"Joseph Firth, J. E. Gangwisch, Alessandra Borsini, R. Wootton, Emeran A. Mayer",10.1136/bmj.m2382,https://doi.org/10.1136/bmj.m2382,British medical journal,143,2020,no,The abstract does not mention any assessment or confirmation of poor dietary patterns at baseline.,no,The abstract does not provide enough information to determine if the dietary intervention was studied independently of other major lifestyle interventions.,no,"The abstract only mentions ""nutrition"" broadly, but does not specify if the study examined whole dietary pattern improvements rather than single nutrient supplementation.",no,The abstract does not provide any information about the mental health status of the participants.,maybe,"The abstract mentions ""low mood"" as an outcome, but does not specify if quantitative measures of mental well-being or life satisfaction were used as primary outcomes.",no,The abstract does not mention the age of the participants.,no,"The abstract suggests this is a commentary or review rather than a primary research study, as it uses language like ""say Joseph Firth and colleagues"" to discuss others' work.",no,The abstract does not provide any information about the timeframes between dietary changes and measured outcomes.,Exclude,"The abstract lacks sufficient detail to confidently assess most screening criteria, with critical information missing about intervention specifics, outcome measures, participant characteristics, and study design. Multiple key requirements remain unaddressed, rendering a comprehensive evaluation impossible and suggesting the text is likely a commentary rather than a research study. Insufficient information prevents definitive determination of the study's alignment with the established screening criteria.",0.5
"Food Insecurity, Poor Diet Quality, and Suboptimal Intakes of Folate and Iron Are Independently Associated with Perceived Mental Health in Canadian Adults","K. Davison, Lovedeep Gondara, B. Kaplan",10.3390/nu9030274,https://doi.org/10.3390/nu9030274,Nutrients,73,2017,yes,"The study assesses diet quality using the Healthy Eating Index and compares to Dietary Reference Intakes, indicating baseline dietary patterns are evaluated.",no,"The study is an observational study examining relationships between food security and mental health, not an intervention study testing a dietary intervention. Therefore, the dietary intervention is not studied independently of other major lifestyle interventions.",no,"This is not an intervention study at all. While it examines dietary patterns, it's looking at existing patterns rather than implementing improvements.",yes,"The study focuses on general population mental health, with only 4.5% reporting poor mental health, suggesting a generally healthy population.",maybe,"The study includes ""perceived mental health"" as an outcome, but it's unclear if this specifically measures well-being or life satisfaction. The measurement approach is not detailed in the abstract.",yes,"The study includes participants aged 19-70 years, meeting the adult population criterion.",no,"This is a cross-sectional analysis of survey data, not a longitudinal study with follow-up.",no,"As an observational study, there's no temporal documentation of dietary changes and outcomes. The study appears to be cross-sectional.",Exclude,"This cross-sectional study examining food security and mental health fails to meet key screening criteria for a dietary intervention study, particularly lacking an actual intervention, temporal documentation of changes, and a longitudinal design. While the research provides insights into population-level dietary patterns and mental health, it does not qualify as an intervention study testing specific dietary improvements. The observational nature of the research fundamentally disqualifies it from meeting the required screening criteria.",0.5
The fundamental association between mental health and life satisfaction: results from successive waves of a Canadian national survey,"Patrick Lombardo, W. Jones, Liangliang Wang, Xinhua Shen, E. Goldner",10.1186/s12889-018-5235-x,https://doi.org/10.1186/s12889-018-5235-x,BMC Public Health,220,2018,no,The abstract does not mention any assessment of dietary patterns at baseline.,no,"The abstract does not describe any dietary intervention, so the study does not examine the dietary intervention independently of other major lifestyle interventions.",no,"No dietary intervention is described in the study, as this is not an intervention study at all.",yes,"The study focuses on the general population and examines subjective mental health across a spectrum, not exclusively on those with severe mental illness.",yes,"The study does include quantitative measures of life satisfaction as a primary outcome, using self-reported life satisfaction questions.",no,"The study includes participants ""aged 12 and over,"" which means it includes some participants under 18.",maybe,"While this is a longitudinal study using successive waves of the CCHS, it is not an intervention study and does not examine dietary changes.",no,"While the study uses data from 2003-2012, it does not examine temporal relationships between dietary changes and outcomes.",Exclude,"This observational study examining mental health and life satisfaction fails to meet key screening criteria related to dietary interventions, as it does not involve any dietary changes or interventions. The research focuses on correlational analysis of self-reported mental health and life satisfaction across a broad population, including participants under 18, and lacks the specific dietary intervention focus required by the screening criteria.",0.5
Is there an association between diet and depression in children and adolescents? A systematic review,"Sundus Khalid, C. Williams, S. Reynolds",10.1017/S0007114516004359,https://doi.org/10.1017/S0007114516004359,British Journal of Nutrition,209,2016,no,The abstract does not mention assessment of baseline dietary patterns.,no,"The paper is a review examining associations between diet and mental health, rather than an intervention study. Therefore, it is unclear whether the dietary intervention was studied independently of other major lifestyle interventions.",maybe,"The paper discusses ""healthy dietary patterns"" and ""high-quality diet"" rather than single nutrients, but this is in the context of observational associations rather than interventions.",yes,"The focus appears to be on general mental health in young people, not specifically those with severe mental illness.",maybe,"The paper examines depression and mental health problems as outcomes, which are related to mental well-being, but it is not clear if these are measured quantitatively.",maybe,"The study focuses on ""children and young people,"" which likely includes some participants under 18.",no,"This is a systematic review, not a longitudinal intervention study.",no,"As a review paper, it does not report specific timeframes between dietary changes and outcomes.",Exclude,"The systematic review examines dietary patterns and mental health in young people, but fails to meet several key screening criteria including intervention isolation, temporal documentation, and study design. While exploring associations between diet and mental health, the paper does not constitute an intervention study and includes participants under 18, rendering it unsuitable for the intended systematic review.",0.5
Is Psychological Well-Being Linked to the Consumption of Fruit and Vegetables?,"David G. Blanchflower, Andrew J. Oswald, Sarah Stewart-Brown",10.1007/s11205-012-0173-y,https://doi.org/10.1007/s11205-012-0173-y,Social Indicators Research,180,2012,maybe,"While the study examines fruit and vegetable consumption, it does not specifically assess or confirm poor dietary patterns at baseline, so the baseline diet assessment is unclear.",maybe,"The abstract does not describe an intervention, but rather observes existing dietary patterns. This is a cross-sectional study, not an intervention study, so the intervention isolation is unclear.",maybe,"The study looks at whole dietary components (fruit and vegetables) rather than single nutrients, but it is observational rather than interventional, so it partially meets this criterion.",yes,"The study appears to focus on the general population (""80,000 randomly selected British individuals"") rather than those with severe mental illness, so it meets this criterion.",yes,"The study includes multiple quantitative measures of mental well-being, including life satisfaction, WEMWBS mental well-being, and other psychological measures, so it meets this criterion.",maybe,"The abstract does not specify the age range of participants, so the population age is unclear.",no,"The study is cross-sectional, not longitudinal, and does not include follow-up periods, so it fails this criterion.",no,"As a cross-sectional study, it does not document temporal relationships between dietary changes and outcomes, so it fails this criterion.",Exclude,"A cross-sectional study examining fruit and vegetable consumption's relationship to mental well-being fails to meet key screening criteria, particularly around intervention design and temporal documentation. While the research includes robust outcome measures and focuses on a general population, its observational nature and lack of longitudinal follow-up disqualify it from meeting the specified screening requirements.",0.9
The Association Between Habitual Diet Quality and the Common Mental Disorders in Community-Dwelling Adults: The Hordaland Health Study,"F. Jacka, A. Mykletun, M. Berk, I. Bjelland, G. Tell",10.1097/PSY.0b013e318222831a,https://doi.org/10.1097/PSY.0b013e318222831a,Psychosomatic Medicine,297,2011,maybe,"While the study assesses dietary patterns, it does not specifically confirm poor dietary patterns at baseline. It examines associations between various dietary patterns and mental health, but does not assess and confirm poor dietary patterns at the start.",no,"The study is a cross-sectional study examining associations between diet and mental health, rather than an intervention study testing a specific dietary intervention. Therefore, the dietary intervention is not studied independently of other major lifestyle interventions.",no,"This is not an intervention study. While it examines whole dietary patterns (healthy diet quality score, traditional Norwegian dietary pattern, western-type diet), it is observational rather than interventional.",yes,"The study appears to focus on a general population sample, examining common mental disorders rather than severe mental illness.",yes,"The study uses the Hospital Anxiety and Depression Scale (HADS) to measure mental health outcomes quantitatively, which meets the requirement for quantitative measures of mental well-being or life satisfaction as primary outcomes.",yes,"The study includes adults aged 46-49 and 70-74 years, meeting the age criterion.",no,"This is a cross-sectional study, not a longitudinal study with follow-up. It does not meet the minimum 2-week follow-up requirement.",no,"As a cross-sectional study, it does not document temporal relationships between dietary changes and outcomes. It only looks at associations at a single time point.",Exclude,"A cross-sectional study examining dietary patterns and mental health fails to meet key screening criteria due to its observational design, lack of intervention, and absence of temporal documentation. While the research includes appropriate population age and mental health outcome measures, its fundamental methodology prevents it from satisfying critical requirements for intervention-based research. The study provides insights into diet and mental health associations but does not constitute an interventional study with longitudinal follow-up.",0.5
The influence of physical activity on mental well-being,K. Fox,10.1017/S1368980099000567,https://doi.org/10.1017/S1368980099000567,Public Health Nutrition,1262,1999,maybe,The abstract doesn't mention assessment of baseline dietary patterns.,no,"The paper focuses on exercise interventions and their interaction with diet, not dietary interventions in isolation. The abstract explicitly states it's about ""the role of exercise"" and only mentions diet as an interaction factor.",no,"This is not a dietary intervention study at all. While it mentions dietary interactions, the primary intervention is exercise.",yes,"The study appears to focus on both clinical populations and the general public, with emphasis on improving mental well-being in the general population.",yes,"The study includes quantitative measures of mental well-being, including depression, anxiety, mood states, self-esteem, and life quality.",maybe,"While the abstract mentions ""older adults"" in one context, it doesn't specify age ranges for the overall study population.",maybe,"This appears to be a narrative review rather than a primary longitudinal study, which doesn't meet the criterion for RCT or cohort study design.",maybe,The abstract doesn't specify timeframes between interventions and outcomes.,Exclude,"This narrative review focuses on exercise interventions and their impact on mental health, fundamentally failing key screening criteria related to dietary interventions. The study does not isolate dietary interventions, lacks clear documentation of baseline dietary patterns, and primarily examines exercise as the primary intervention mechanism. Multiple critical screening requirements are not met, rendering the paper unsuitable for inclusion in a dietary intervention review.",0.1
What is the best dose of nature and green exercise for improving mental health? A multi-study analysis.,"J. Barton, J. Pretty",10.1021/es903183r,https://doi.org/10.1021/es903183r,Environmental Science and Technology,1360,2010,no,The abstract does not mention any assessment of dietary patterns at baseline.,no,"The study focuses on ""green exercise"" which combines physical activity with environmental exposure, rather than an isolated dietary intervention.",no,"The study examines exercise in natural environments, not dietary pattern improvements.",yes,"The study appears to focus on the general population, though it does include some mentally ill participants as a subgroup.",yes,The study includes quantitative measures of mental well-being through self-esteem and mood assessments.,maybe,The abstract mentions age groups but doesn't specify if participants were all adults (18+).,maybe,"While this is a meta-analysis of 10 studies, the abstract doesn't specify if the included studies were longitudinal with at least 2 weeks follow-up.",maybe,"While the study mentions ""acute exposure"" and discusses dose-responses, it's not clear if specific timeframes between interventions and outcomes are reported.",Exclude,"The study focuses on green exercise and mental health outcomes, which fundamentally differs from dietary intervention research. Critical screening criteria related to dietary patterns, intervention type, and baseline diet assessment are not met, rendering the paper unsuitable for inclusion in a dietary intervention systematic review. Multiple key methodological requirements are unaddressed or fail to align with the review's specific focus.",0.1
The role of diet and nutrition on mental health and wellbeing,"L. Owen, B. Corfe",10.1017/S0029665117001057,https://doi.org/10.1017/S0029665117001057,Proceedings of the Nutrition Society,152,2017,no,"The abstract does not mention assessing or confirming poor dietary patterns at baseline, so the reasoning is that this criterion is not met.",maybe,"The abstract does not specify whether the dietary interventions were studied independently of other major lifestyle interventions, so the reasoning is unclear.",maybe,"The abstract discusses nutrition interventions broadly but does not specify whether whole dietary patterns or single nutrients were studied, so the reasoning is unclear.",maybe,"The abstract discusses mental health broadly but does not specify whether the focus was on generally healthy participants or those with mental illness, so the reasoning is unclear.",maybe,"While the abstract mentions mental health and wellbeing as outcomes, it does not specify whether quantitative measures of mental well-being or life satisfaction were used as primary outcomes, so the reasoning is only partially clear.",maybe,"The abstract does not provide any information about the age of the participants, so the reasoning is unclear.",no,"The abstract indicates that this is an editorial overview of a conference rather than a primary research study, so the reasoning is that this criterion is not met.",no,"The abstract does not mention any specific timeframes between interventions and outcomes, so the reasoning is that this criterion is not met.",Exclude,"The abstract represents an editorial overview of a nutrition conference, lacking the specific methodological details required by the screening criteria. Multiple key elements are missing, including intervention specifics, outcome measures, baseline assessments, and study design characteristics. Consequently, the text fails to meet the comprehensive requirements for a research study focused on dietary interventions and mental health outcomes.",0.5
A Mediterranean-style dietary intervention supplemented with fish oil improves diet quality and mental health in people with depression: A randomized controlled trial (HELFIMED),"N. Parletta, D. Zarnowiecki, Jihyun Cho, Amy L. Wilson, S. Bogomolova, A. Villani, C. Itsiopoulos, T. Niyonsenga, S. Blunden, B. Meyer, L. Segal, B. Baune, K. O'dea",10.1080/1028415X.2017.1411320,https://doi.org/10.1080/1028415X.2017.1411320,Nutritional neuroscience,404,2017,maybe,"The abstract does not explicitly state whether baseline dietary patterns were assessed as poor, but the significant changes in dietary components suggest baseline patterns were likely suboptimal.",maybe,"The study combines a Mediterranean diet with fish oil supplements, which could be considered a confounding intervention that does not allow the dietary intervention to be studied independently.",yes,"The study examines a whole dietary pattern (Mediterranean-style diet) with multiple food groups, not just single nutrients.",no,"The study specifically focuses on adults with self-reported depression, which may not align with the criterion of ""generally healthy participants.""",yes,"The study includes quantitative measures of mental health and quality of life as primary outcomes, with specific measurements at baseline, 3, and 6 months.",yes,The study includes adults aged 18-65 years.,yes,"This is a randomized controlled trial with 6 months of follow-up, well exceeding the 2-week minimum requirement.",yes,Clear timeframes are reported: 3-month dietary intervention and 6-month follow-up with specific assessment points.,Include,"A Mediterranean diet intervention with fish oil supplements was studied in adults with depression, examining mental health outcomes over six months. While the study demonstrated robust methodology with clear temporal documentation and whole dietary pattern improvements, it focused on participants with depression, which may limit its generalizability to generally healthy populations. The intervention's combination of dietary changes and fish oil supplements introduces potential complexity in isolating the dietary intervention's independent effects.",2.7
Diet Quality and Mental Health Amongst Acute Inpatient Psychiatric Patients,"R. Gill, Sean F Tyndall, Darshini Vora, Rashedul Hassan, J. Megna, L. Leontieva",10.7759/cureus.12434,https://doi.org/10.7759/cureus.12434,Cureus,6,2020,yes,"The study explicitly assessed dietary patterns at baseline, finding that ""75% of the psychiatric inpatients have an unhealthy diet.""",maybe,"The abstract mentions a Mediterranean-style dietary intervention with fish oil supplementation, but it's unclear whether other lifestyle interventions were controlled for.",yes,The study focuses on whole dietary patterns (Mediterranean diet) rather than single nutrient supplementation.,no,"The study specifically focuses on ""acute psychiatric inpatients"" and mentions patients with schizophrenia, indicating a focus on those with severe mental illness rather than generally healthy participants.",maybe,"The study mentions ""mental wellbeing"" and ""overall well-being"" as outcomes, but it's not entirely clear if these were quantitatively measured as primary outcomes.",maybe,The abstract doesn't specify the age range of participants.,maybe,"While the abstract mentions a randomized controlled trial, it's unclear if this is the study being described or just referenced literature. The timeframe of follow-up is not specified.",no,The abstract doesn't specify the timeframe between dietary changes and measured outcomes.,Exclude,"The study focuses on acute psychiatric inpatients, which deviates from the requirement of examining generally healthy participants, and lacks clear documentation of temporal outcomes and intervention isolation. While the research explores dietary patterns and baseline diet assessment, it fails to meet several critical screening criteria, particularly regarding participant mental health status and study design specifics.",1.3
Associations between diet quality and mental health in socially disadvantaged New Zealand adolescents,"A. Kulkarni, B. Swinburn, J. Utter",10.1038/ejcn.2014.130,https://doi.org/10.1038/ejcn.2014.130,European Journal of Clinical Nutrition,70,2014,maybe,"While the study assesses diet quality at baseline, it doesn't specifically confirm poor dietary patterns.",no,"This is a cross-sectional study examining associations, not an intervention study. No dietary intervention is implemented.",no,"This is not an intervention study, so it doesn't examine dietary pattern improvements.",yes,"The study appears to focus on a general adolescent population, not those with severe mental illness.",maybe,"The study measures emotional health using the PedsQL instrument, which is a quantitative measure of mental well-being. However, it's not clear if this is the primary outcome.",no,"The study focuses on adolescents, not adults (18+).",no,"This is a cross-sectional study, not a longitudinal study with follow-up.",no,"As a cross-sectional study, there is no temporal documentation of changes and outcomes.",Exclude,"The study fails key screening criteria due to its cross-sectional design, adolescent population, and lack of a dietary intervention. Multiple methodological limitations prevent the research from meeting the required standards, including absence of temporal documentation, no intervention implementation, and focus on a non-adult population. The observational nature of the study fundamentally disqualifies it from the specified screening requirements.",0.1
Relationship between diet and mental health in children and adolescents: a systematic review.,"A. O'Neil, S. Quirk, Siobhan Housden, S. Brennan, L. Williams, J. Pasco, M. Berk, F. Jacka",10.2105/AJPH.2014.302110,https://doi.org/10.2105/AJPH.2014.302110,American Journal of Public Health,535,2014,maybe,"The abstract discusses ""diet quality and patterns,"" but does not specify whether baseline dietary patterns were assessed and confirmed as poor, so the reasoning is unclear.",maybe,"The abstract does not specify whether the included studies isolated dietary interventions from other lifestyle factors, so the reasoning is unclear.",yes,"The study focuses on ""dietary patterns"" rather than single nutrients, which aligns with the criterion for whole dietary pattern improvements.",maybe,"The abstract does not specify whether the included studies focused on generally healthy participants or those with mental health conditions, so the reasoning is unclear.",maybe,"The abstract mentions ""mental health"" as an outcome, but does not provide details on whether these include quantitative measures of mental well-being or life satisfaction, so the reasoning is only partially met.",no,"The study explicitly focuses on ""children and adolescents,"" not adults aged 18 or older, so the reasoning does not meet the criterion.",no,"The abstract specifically states these are cross-sectional studies, not longitudinal studies with follow-up periods, so the reasoning does not meet the criterion.",no,"The abstract specifically mentions these are ""cross-sectional"" studies, which do not track temporal relationships between dietary changes and outcomes, so the reasoning does not meet the criterion.",Exclude,"The systematic review focuses on children and adolescents, which immediately disqualifies it from meeting the adult population requirement. Cross-sectional study design and lack of temporal documentation further prevent alignment with the specified screening criteria. Multiple key methodological elements do not match the predefined screening standards for inclusion.",0.5
Behavioural effects of a 10-day Mediterranean diet. Results from a pilot study evaluating mood and cognitive performance,"Laura McMillan, L. Owen, M. Kras, A. Scholey",10.1016/j.appet.2010.11.149,https://doi.org/10.1016/j.appet.2010.11.149,Appetite,112,2011,maybe,"The abstract doesn't explicitly mention assessment of baseline dietary patterns, so there is significant uncertainty about whether this criterion was met.",yes,"The study appears to isolate the dietary intervention, with no mention of other lifestyle changes. The control group is specifically a ""no change"" group, indicating the intervention was studied independently.",yes,The study examines a whole dietary pattern (Mediterranean diet) rather than single nutrient supplementation.,yes,"The study explicitly focuses on ""healthy individuals"" and ""healthy adults.""",yes,"The study includes quantitative measures of mood (vigour, alertness, contentment) as primary outcomes, which align with mental well-being measures.",yes,"The study includes ""young female adults,"" indicating participants are 18 or older.",no,"While this is a randomized controlled trial, the 10-day follow-up period falls short of the minimum 2-week requirement specified in the criteria.",yes,The study clearly documents a 10-day intervention period with measurements at baseline and day 10.,Exclude,"A randomized controlled trial examining dietary intervention's impact on mood in healthy young females demonstrates strong alignment with most screening criteria, including appropriate outcome measures and intervention type. However, the study falls short on the required two-week follow-up period, and lacks clear documentation of baseline dietary patterns, which introduces significant methodological limitations.",2.1
Nutritional psychiatry: Towards improving mental health by what you eat,"R. Adan, E. M. van der Beek, J. Buitelaar, J. Cryan, J. Hebebrand, S. Higgs, H. Schellekens, S. Dickson",10.1016/j.euroneuro.2019.10.011,https://doi.org/10.1016/j.euroneuro.2019.10.011,European Neuropsychopharmacology,266,2019,no,The abstract does not mention assessing or confirming poor dietary patterns at baseline.,no,The abstract discusses diet and nutrition broadly but does not describe a specific intervention study. It appears to be a review/overview paper rather than an intervention study.,maybe,"While the paper discusses ""well-balanced diet,"" it does not describe a specific intervention study examining dietary pattern improvements.",maybe,The abstract discusses mental health broadly but does not specify whether it focuses on generally healthy participants or those with mental illness.,maybe,"While mental health outcomes are discussed (mood, anxiety, depression), the abstract does not specify quantitative measures of mental well-being or life satisfaction.",maybe,No information about participant age is provided.,no,This appears to be a review paper rather than a longitudinal study. The abstract discusses the need for future RCTs but does not present one.,no,No specific timeframes are mentioned between dietary changes and outcomes.,Exclude,"The abstract represents a theoretical overview of nutritional psychiatry rather than an intervention study, lacking specific details about dietary interventions, outcome measures, and study design. Multiple screening criteria remain unmet, including intervention isolation, temporal documentation, and clear population characteristics. The paper appears more focused on discussing potential relationships between diet and mental health than presenting a structured research investigation.",0.5
A Prospective Study of Diet Quality and Mental Health in Adolescents,"F. Jacka, P. Kremer, M. Berk, A. D. de Silva-Sanigorski, M. Moodie, E. Leslie, J. Pasco, B. Swinburn",10.1371/journal.pone.0024805,https://doi.org/10.1371/journal.pone.0024805,PLoS ONE,346,2011,maybe,"While the study measures diet quality at baseline, it doesn't explicitly confirm poor dietary patterns. It does measure both healthy and unhealthy diets.",maybe,"The abstract does not describe a specific intervention, but rather observes dietary patterns and their relationship with mental health. This appears to be an observational study rather than an intervention study.",no,This is not an intervention study but rather an observational study examining dietary patterns. No specific dietary intervention is implemented.,yes,"The study focuses on the general adolescent population, not those with severe mental illness.",yes,"The study uses the Pediatric Quality of Life Inventory (PedsQL) emotional subscale, which is a quantitative measure of mental well-being.",no,"The study specifically focuses on adolescents aged 11-18 years, which fails to meet the criterion of adult participants (18+).",yes,This is a prospective longitudinal study with follow-up periods exceeding 2 weeks.,yes,"The study has clear temporal documentation, following participants from 2005-6 to 2007-8 (approximately 2 years).",Exclude,"The study fails to meet key screening criteria due to its observational design, adolescent population, and lack of a specific dietary intervention. While the research provides valuable insights into diet and mental health relationships, it does not align with the required parameters of an adult-focused intervention study with clear dietary modifications. The longitudinal approach and quantitative mental health measures are strong, but the fundamental study design prevents meeting the established screening requirements.",0.9
A brief diet intervention can reduce symptoms of depression in young adults – A randomised controlled trial,"H. Francis, R. Stevenson, Jaime R Chambers, Dolly Gupta, B. Newey, C. Lim",10.1371/journal.pone.0222768,https://doi.org/10.1371/journal.pone.0222768,PLoS ONE,175,2019,yes,"The abstract mentions participants ""habitually consume a poor diet"" at baseline, indicating assessment of baseline dietary patterns.",yes,"The study appears to focus solely on dietary intervention without mention of other lifestyle changes. The control group maintained their habitual diet, suggesting isolation of the dietary intervention.",yes,"The intervention appears to focus on whole dietary patterns (""healthy diet rich in fruit, vegetables, fish and lean meat"") rather than single nutrient supplementation.",maybe,"While participants had ""elevated depression symptoms,"" they weren't described as having severe mental illness. However, the focus on depression symptoms rather than general mental well-being creates some uncertainty.",maybe,"While the study measures depression symptoms quantitatively, it doesn't explicitly measure general mental well-being or life satisfaction. The outcomes focus specifically on depression symptoms and related measures.",yes,"The study specifically focuses on young adults, meeting the age criterion.",yes,This is a randomized controlled trial with follow-up beyond the minimum 2-week requirement (3 weeks + 3-month follow-up).,yes,The study clearly documents timeframes: 3-week intervention period with 3-month follow-up.,Include,"A randomized controlled trial examining dietary interventions in young adults with elevated depression symptoms demonstrates strong alignment with most screening criteria, including intervention isolation, whole dietary pattern improvements, and appropriate study design. The study meets key requirements around population age, temporal documentation, and baseline diet assessment, with only minor uncertainties regarding outcome measure specificity and mental health status characterization.",4.1
Evidence of the Importance of Dietary Habits Regarding Depressive Symptoms and Depression,"Tina Ljungberg, Emma Bondza, C. Lethin",10.3390/ijerph17051616,https://doi.org/10.3390/ijerph17051616,International Journal of Environmental Research and Public Health,133,2020,maybe,The abstract does not mention whether baseline dietary patterns were assessed or confirmed as poor.,maybe,"The abstract does not specify whether the dietary interventions were studied in isolation from other major lifestyle interventions, so the reasoning is unclear.",yes,"The study examines whole dietary patterns, including ""high adherence to dietary recommendations,"" ""avoiding processed foods,"" and ""anti-inflammatory diet.""",maybe,"While the study focuses on depression, it is not clear if participants were generally healthy or had severe mental illness.",maybe,"The study focuses on depression, which is a mental health outcome, but it is not clear if quantitative measures of mental well-being or life satisfaction were specifically used as primary outcomes.",maybe,The abstract does not specify the age range of participants.,no,"This is a systematic review of other studies, not a primary longitudinal study. The abstract does not mention the study designs of the included papers.",maybe,The abstract does not mention specific timeframes between dietary changes and outcomes.,Exclude,"A systematic review exploring dietary impacts on depression reveals promising insights about dietary patterns and mental health, but lacks clear documentation of key methodological details. Multiple screening criteria remain ambiguous, including intervention isolation, baseline diet assessment, and participant characteristics, which limits definitive conclusions about the study's comprehensive approach to understanding diet's relationship with mental well-being.",0.5
Food and mood: how do diet and nutrition affect mental wellbeing?,-,10.1136/bmj.m4269,https://doi.org/10.1136/bmj.m4269,British medical journal,181,2020,no,The abstract does not mention assessing or confirming poor dietary patterns at baseline.,maybe,"The abstract does not describe a specific intervention study, but rather appears to be a review or commentary on the relationship between diet and mental health. Therefore, it is unclear whether the dietary intervention was studied independently of other major lifestyle interventions.",yes,"The abstract discusses whole dietary patterns (Mediterranean diet, consumption of various food groups) rather than single nutrients, indicating that the study examines whole dietary pattern improvements.",yes,"The abstract discusses both clinical and subclinical symptoms in the general population, suggesting a focus on generally healthy participants rather than those with severe mental illness or eating disorders.",maybe,"While the abstract discusses mental health outcomes like depression and anxiety, it does not specify quantitative measures of mental well-being or life satisfaction as primary outcomes.",maybe,The abstract does not specify the age range of participants.,no,"The abstract appears to be from a review or commentary paper rather than a longitudinal study, and does not mention any study design or follow-up period.",no,The abstract does not mention any specific timeframes between dietary changes and measured outcomes.,Exclude,"The abstract discusses dietary patterns and mental health relationships but lacks key elements of an intervention study, such as specific outcome measures, temporal documentation, and a clear study design. While exploring whole dietary patterns and mental health connections, the text appears to be a review or commentary rather than a research intervention meeting systematic review criteria. Multiple screening requirements remain unaddressed or unclear, preventing straightforward inclusion.",0.9
Diet quality and depression risk: A systematic review and dose-response meta-analysis of prospective studies.,"M. Molendijk, P. Molero, F. Ortuño Sánchez-Pedreño, W. van der Does, Miguel Angel Martínez-González",10.1016/j.jad.2017.09.022,https://doi.org/10.1016/j.jad.2017.09.022,Journal of Affective Disorders,392,2018,maybe,"While the study examines dietary patterns, it does not explicitly mention assessing baseline dietary patterns.",maybe,"The abstract discusses dietary patterns but does not explicitly state whether other lifestyle interventions were controlled for. The mention of ""controlling for relevant confounders"" suggests some isolation, but this is not definitive.",yes,The study examines whole dietary patterns (healthy/prudent and Mediterranean diets) rather than single nutrients.,yes,The study appears to focus on general population risk of developing depression rather than those with existing severe mental illness.,maybe,"The study measures ""depressive symptoms"" and ""depression incidence"" which are quantitative measures of mental well-being, though not exactly life satisfaction.",maybe,The abstract does not specify participant age ranges.,yes,"The study is a meta-analysis of prospective cohort studies, which meets the longitudinal requirement.",yes,"The study is prospective and reports on ""incidence of depression/depressive symptoms over time"" with specific person-years (1,959,217).",Include,"A meta-analysis examining dietary patterns and depression risk demonstrates partial alignment with screening criteria, with clear strengths in intervention type, temporal documentation, and mental health status. However, several key criteria remain ambiguous, including intervention isolation, baseline diet assessment, and population age range, which introduces uncertainty about full compliance with the screening requirements.",3
A systematic review of the association of diet quality with the mental health of university students: implications in health education practice,"Solomis Solomou, Jennifer Logue, S. Reilly, Guillermo Perez-Algorta",10.1093/her/cyac035,https://doi.org/10.1093/her/cyac035,Health Education Research,34,2022,maybe,"The abstract does not specifically mention assessing baseline dietary patterns, even though diet quality is discussed.",maybe,"The abstract does not discuss isolated dietary interventions, as this is a review paper examining observational studies rather than an intervention study.",yes,The study focuses on overall diet quality rather than single nutrient supplementation.,yes,"The study focuses on the general university student population, not those with severe mental illness.",yes,"The study includes quantitative measures of mental well-being, specifically depression, anxiety, stress, and general mental well-being.",yes,University students are typically adults (18+).,no,"This is a review of observational studies, not a longitudinal intervention study. The abstract specifically calls for RCTs and intervention studies.",no,"As an observational review, the study does not report specific timeframes between dietary changes and outcomes.",Exclude,"The review paper explores diet quality and mental health among university students, but fails to meet key screening criteria for an intervention study, particularly lacking temporal documentation and a longitudinal design. While addressing important topics of diet and mental well-being, the observational nature of the research prevents it from satisfying the required methodological standards for inclusion.",0.9
Nutritional Psychiatry: Where to Next?,F. Jacka,10.1016/j.ebiom.2017.02.020,https://doi.org/10.1016/j.ebiom.2017.02.020,EBioMedicine,192,2017,no,The abstract does not mention any assessment or confirmation of poor dietary patterns at baseline.,maybe,"The abstract does not specify whether the dietary interventions were studied independently of other major lifestyle interventions, so the reasoning is unclear.",yes,"The abstract focuses on dietary patterns and nutritional interventions rather than single nutrient supplementation, mentioning ""dietary changes"" and ""dietary strategies.""",maybe,"The abstract discusses both the general population and those with mental disorders, but does not clearly specify the focus population.",maybe,"The abstract mentions depression and mental disorders as outcomes, but does not explicitly state whether quantitative measures of mental well-being or life satisfaction were used as primary outcomes.",maybe,"The abstract mentions ""across age groups"" but does not specify whether it includes only adult participants.",no,"This appears to be a review paper rather than a primary longitudinal study, as it discusses various types of evidence but is not itself an intervention study.",no,The abstract does not provide any specific timeframes for the relationship between dietary changes and measured outcomes.,Exclude,"The abstract represents a comprehensive review of nutritional psychiatry that explores dietary interventions and mental health, but fails to meet several critical screening criteria including specific temporal documentation, baseline diet assessment, and clear study design parameters. While discussing promising research directions in dietary interventions for mental health, the text lacks the methodological specificity required for a primary research study, rendering it insufficient against the established screening criteria.",0.9
A systematic review and meta-analysis of dietary patterns and depression in community-dwelling adults.,"Jun S. Lai, S. Hiles, A. Bisquera, A. Hure, M. McEvoy, J. Attia",10.3945/ajcn.113.069880,https://doi.org/10.3945/ajcn.113.069880,American Journal of Clinical Nutrition,680,2014,no,The abstract does not mention whether baseline dietary patterns were assessed or confirmed as poor.,maybe,"The abstract does not specify whether the included studies isolated dietary interventions from other lifestyle changes, so the intervention isolation is unclear.",yes,"The study explicitly focuses on ""overall dietary patterns"" rather than single nutrients, examining both healthy and Western dietary patterns.",yes,The study appears to focus on general population risk of depression rather than those with severe mental illness.,maybe,"The study focuses on depression as an outcome, which is related to mental well-being, but it's not clear if life satisfaction or other mental well-being measures were included.",yes,"The abstract specifically mentions studying ""adults.""",maybe,"While the abstract mentions including observational studies and calls for more RCTs, it does not specify the minimum follow-up period for included studies.",maybe,"While the abstract mentions the need for more studies to confirm temporal sequence, it does not specify the timeframes used in the included studies.",Exclude,"A systematic review examining dietary patterns and depression among adults, with partial alignment to screening criteria around intervention type, population age, and mental health status. Several key methodological details remain unclear, including intervention isolation, baseline diet assessment, and temporal documentation of outcomes. The study's focus on depression and dietary patterns provides insights, but lacks comprehensive clarity across all screening requirements.",2.5
Community-based lifestyle interventions: changing behaviour and improving health.,"L. Blank, M. Grimsley, E. Goyder, E. Ellis, J. Peters",10.1093/PUBMED/FDM041,https://doi.org/10.1093/PUBMED/FDM041,Journal of public health,47,2007,maybe,"While the abstract mentions ""low"" levels of fruit and vegetable consumption at baseline, it doesn't provide detailed assessment of overall dietary patterns.",no,"The study examines both physical activity and dietary changes simultaneously, not isolating the dietary interventions. This means the dietary intervention is not studied independently of other major lifestyle interventions.",maybe,"The study looks at fruit and vegetable consumption, which is a component of dietary pattern, but doesn't examine whole dietary pattern improvements comprehensively.",yes,"The study focuses on general population in deprived communities, not specifically on those with mental illness.",yes,"The study includes quantitative measures of mental health as primary outcomes, specifically measuring 'peacefulness' and 'happiness'.",maybe,"The abstract doesn't specify age restrictions, though given the community-based nature, it likely includes adults.",yes,This is a longitudinal study with a 2-year follow-up period.,yes,The study clearly documents a 2-year timeframe (2002-2004) between measurements.,Exclude,"A community-based study examining lifestyle changes in deprived neighborhoods reveals significant associations between increased physical activity and fruit/vegetable consumption with mental health improvements. While the research provides valuable insights into population health, it fails to isolate dietary interventions and lacks comprehensive dietary pattern assessment. The longitudinal design and focus on mental health outcomes offer promising preliminary findings about lifestyle's impact on well-being.",2.1
The association between diet quality and mental health during the perinatal period. A systematic review,"Rachel Baskin, B. Hill, F. Jacka, A. O'Neil, H. Skouteris",10.1016/j.appet.2015.03.017,https://doi.org/10.1016/j.appet.2015.03.017,Appetite,91,2015,maybe,"While the study examines ""poor quality and unhealthy diets,"" it is not explicitly clear if baseline dietary patterns were assessed and confirmed, so the reasoning is only partially clear.",maybe,"The abstract does not specify whether other lifestyle interventions were controlled for or isolated, so the reasoning is unclear.",yes,"The study focuses on overall diet quality and dietary patterns rather than single nutrients, which meets the criterion.",maybe,"The abstract does not specify whether participants had pre-existing mental health conditions or were generally healthy, so the reasoning is unclear.",yes,"The study examines quantitative measures of mental health outcomes (depressive, anxiety, and stress symptoms), which meets the criterion.",yes,"The study focuses on pregnant women, who are by definition adults, which meets the criterion.",yes,"The review includes both cohort and cross-sectional studies, with cohort studies being longitudinal, which meets the criterion.",maybe,"While the study examines antenatal and postnatal periods, specific timeframes between dietary changes and outcomes are not clearly detailed, so the reasoning is only partially clear.",Exclude,"A systematic review examining dietary patterns and mental health during pregnancy presents mixed alignment with screening criteria, with clear strengths in outcome measures and population age. Uncertainties exist around intervention isolation, baseline diet assessment, and temporal documentation, potentially limiting the study's comprehensive applicability to dietary intervention research.",2.1
The Association between Dietary Quality and Dietary Guideline Adherence with Mental Health Outcomes in Adults: A Cross-Sectional Analysis,"Amy P. Meegan, I. Perry, C. Phillips",10.3390/nu9030238,https://doi.org/10.3390/nu9030238,Nutrients,48,2017,maybe,"While dietary patterns are assessed, the abstract does not specifically mention confirming poor dietary patterns at baseline.",no,"The study is a cross-sectional observational study examining associations between existing dietary patterns and mental health, rather than an intervention study testing a specific dietary intervention.",yes,The study examines whole dietary patterns and quality rather than single nutrients.,yes,The study appears to focus on general population adults without specific mention of severe mental illness or eating disorders.,yes,"The study includes quantitative measures of mental well-being using validated tools (WHO-5) and measures of depression and anxiety (CES-D, HADS-A).",yes,"The study focuses on middle-aged adults, meeting the age criterion.",no,"This is a cross-sectional study, not a longitudinal study with follow-up, and it does not meet the minimum 2-week follow-up requirement.",no,"As a cross-sectional study, there is no temporal documentation of changes and outcomes over time.",Exclude,"A cross-sectional observational study examining dietary patterns and mental health fails to meet key screening criteria, particularly the requirements for an intervention study with longitudinal design. While the research includes relevant outcome measures and focuses on an appropriate adult population, its fundamental methodology prevents it from satisfying the specified screening requirements. The lack of temporal documentation and absence of a specific dietary intervention represent critical disqualifying factors.",0.5
Nutrition and mental health: A review of current knowledge about the impact of diet on mental health,"Mateusz Grajek, K. Krupa-Kotara, Agnieszka Białek-Dratwa, K. Sobczyk, M. Grot, Oskar Kowalski, Wiktoria Staśkiewicz",10.3389/fnut.2022.943998,https://doi.org/10.3389/fnut.2022.943998,Frontiers in Nutrition,96,2022,no,The abstract doesn't mention assessing or confirming poor dietary patterns at baseline.,maybe,"The abstract discusses nutrition and lifestyle interventions together, without clearly isolating dietary interventions. It mentions ""rational diet"" alongside physical activity and other interventions, making it unclear if the dietary intervention was studied independently.",maybe,"The abstract mentions ""rational diet"" which suggests whole dietary patterns, but also discusses specific components like psychobiotics and antioxidants, indicating a partial focus on whole dietary pattern improvements.",maybe,The abstract discusses mental disorders broadly but doesn't specify whether it focuses on generally healthy participants or those with mental illness.,maybe,"While the abstract discusses mental health broadly, it doesn't specifically mention quantitative measures of mental well-being or life satisfaction as primary outcomes.",maybe,No information about participant age is provided in the abstract.,no,This appears to be a literature review rather than a longitudinal study. The abstract describes a review methodology using PubMed.,no,The abstract doesn't mention any specific timeframes between dietary changes and outcomes.,Exclude,"The abstract describes a literature review on nutrition and mental health that fails to meet multiple screening criteria, including lack of intervention isolation, absence of specific outcome measures, and missing details about baseline diet and participant characteristics. While exploring the relationship between diet and mental health, the study does not provide the methodological specificity required by the screening protocol, rendering it unsuitable for inclusion in the research analysis.",0.5
Impact of diet on adult hippocampal neurogenesis,"D. Stangl, S. Thuret",10.1007/s12263-009-0134-5,https://doi.org/10.1007/s12263-009-0134-5,Genes & Nutrition,176,2009,no,The abstract does not mention assessing baseline dietary patterns.,maybe,The abstract does not specify whether the dietary interventions were studied independently of other major lifestyle interventions.,maybe,"While diet is discussed, the abstract appears to be a review/overview rather than an intervention study, and does not specify whether whole dietary patterns are examined.",maybe,The abstract does not specify the mental health status of any study participants.,maybe,"While mood is mentioned as an outcome, it is discussed theoretically rather than as a measured outcome in a specific study. The focus appears to be on neurogenesis mechanisms rather than direct mental health outcomes.",maybe,No information about participant age is provided.,no,"This appears to be a review paper (""In this study, we give an overview..."") rather than a longitudinal intervention study.",no,No specific timeframes are mentioned for any interventions or outcomes.,Exclude,"The abstract appears to be a theoretical review exploring mechanisms linking diet and mental health, lacking specific details about intervention design, outcome measures, and participant characteristics. Multiple screening criteria remain unmet, including intervention isolation, baseline diet assessment, temporal documentation, and study design requirements. The paper seems more focused on neurogenesis mechanisms than a structured intervention study.",0.5
Evolution of Well-Being and Happiness After Increases in Consumption of Fruit and Vegetables.,"Redzo Mujcic, Andrew J Oswald",10.2105/AJPH.2016.303260,https://doi.org/10.2105/AJPH.2016.303260,American Journal of Public Health,229,2016,no,The abstract doesn't mention whether baseline dietary patterns were assessed or confirmed as poor. It only discusses changes in consumption over time.,maybe,"The study focuses on fruit and vegetable consumption, but it's unclear if other lifestyle interventions were controlled for. The abstract mentions adjusting for ""changing incomes and personal circumstances"" but doesn't specifically address other lifestyle factors.",maybe,"While the study examines fruit and vegetable consumption, which are components of whole dietary patterns, it's not clear if the study looked at broader dietary pattern improvements.",maybe,"The study uses a random sample of Australian adults, suggesting a general population rather than those with severe mental illness. However, this isn't explicitly stated.",yes,"The study explicitly measures ""happiness and life satisfaction"" as primary outcomes, which directly aligns with the criterion for mental well-being measures.",maybe,"While not explicitly stated, the use of a general adult population survey suggests participants were 18+, though this could benefit from confirmation.",yes,"This is a longitudinal study with multiple time points over several years, well exceeding the 2-week minimum requirement.",yes,"The study clearly documents temporal aspects, with measurements at 2007, 2009, and 2013, and specifically mentions improvements occurring within 24 months.",Include,"A longitudinal study examining fruit and vegetable consumption's impact on mental well-being demonstrates clear quantitative outcomes of happiness and life satisfaction across multiple time points. While the research provides robust temporal documentation and focuses on a general adult population, some uncertainties remain regarding intervention isolation and comprehensive baseline dietary assessment. The study offers promising insights into dietary influences on psychological well-being with a nuanced approach to measuring mental health outcomes.",3.8
Nutrition and psychiatry.,M. Freeman,10.1176/appi.ajp.2009.09121746,https://doi.org/10.1176/appi.ajp.2009.09121746,American Journal of Psychiatry,38,2010,no,"While dietary patterns are discussed, there's no mention of assessing baseline dietary patterns in a specific study population.",maybe,"The abstract does not describe a specific intervention being tested in isolation, as it is an editorial discussing various studies rather than presenting a primary intervention study.",yes,"The abstract focuses on whole dietary patterns (traditional, western, and modern diets) rather than single nutrient supplementation.",yes,The studies discussed appear to focus on general population mental health rather than severe mental illness.,maybe,"The abstract mentions mental health outcomes including depression, anxiety, and psychiatric symptoms measured through GHQ-12 and SCID-IV-TR, but it's not clear if these are primary outcomes of a specific intervention study.",maybe,"The abstract mentions ""adult women"" in one study, but this is an editorial covering multiple studies, and age ranges aren't consistently specified.",no,"While the abstract discusses various study types including prospective cohort studies, this is an editorial rather than a primary research paper.",no,"While some studies mentioned are prospective, this is an editorial rather than a primary research paper, and specific timeframes aren't discussed.",Exclude,"This editorial discusses dietary patterns and mental health but lacks the characteristics of a primary intervention study, with unclear intervention isolation, temporal documentation, and baseline diet assessment. While touching on relevant topics like dietary patterns and mental health outcomes, the text does not meet the systematic review criteria for a specific intervention study. The document provides a comprehensive overview of nutrition and psychiatry but falls short of being a research paper with a defined intervention protocol.",0.5
Relationship between Diet and Mental Health in a Young Adult Appalachian College Population,"Rachel A. Wattick, Rebecca L. Hagedorn, M. Olfert",10.3390/nu10080957,https://doi.org/10.3390/nu10080957,Nutrients,111,2018,maybe,"The study documents dietary patterns (fruit/vegetable intake, added sugars) and food insecurity, but this isn't a baseline assessment for an intervention.",no,"This is a cross-sectional observational study, not an intervention study. It examines relationships between diet and mental health but doesn't implement or isolate dietary interventions.",no,"This is not an intervention study at all. While it examines dietary patterns, it doesn't implement dietary changes.",yes,"The study focuses on general college students, not those with severe mental illness or eating disorders.",maybe,"The study measures mental health outcomes (depression and anxiety days) quantitatively, but these are retrospective self-reports rather than validated mental well-being or life satisfaction measures.",yes,"The study focuses on college students, who are presumably adults (18+).",no,"This is a cross-sectional study, not a longitudinal study with follow-up. It doesn't meet the minimum 2-week follow-up requirement.",no,"As a cross-sectional study, there is no temporal documentation of changes between diet and outcomes.",Exclude,"This cross-sectional study examining dietary patterns and mental health among college students fails to meet key screening criteria, particularly around intervention design and longitudinal methodology. While the research provides insights into diet and mental health relationships, it lacks the structured intervention approach, temporal documentation, and follow-up period required by the screening protocol. The study's observational nature and retrospective self-reporting prevent it from qualifying as a comprehensive dietary intervention study.",0.5
Diet and Mental Health During Emerging Adulthood: A Systematic Review,"S. Collins, S. Dash, S. Allender, F. Jacka, E. Hoare",10.1177/2167696820943028,https://doi.org/10.1177/2167696820943028,Emerging Adulthood,38,2020,maybe,"While the abstract mentions ""low diet quality,"" it does not specify whether baseline dietary patterns were assessed and confirmed in the included studies, so the baseline diet assessment is unclear.",maybe,"The abstract does not specify whether the included studies isolated dietary interventions from other lifestyle factors, so the intervention isolation is unclear.",maybe,"The abstract refers to ""diet quality"" but does not specify whether the studies examined whole dietary patterns or single nutrients, so the intervention type is unclear.",yes,"The study focuses on emerging adults with common mental disorders and related symptomatology, not exclusively on severe mental illness, so the mental health status criterion is met.",yes,"The study examines mental health outcomes including depression, anxiety, positive/negative affect, and psychological health, which align with mental well-being measures.",yes,"The study specifically focuses on emerging adults (18-29 years), meeting the adult age criterion.",no,"This is a systematic review of observational studies, not a longitudinal intervention study, and the abstract does not mention follow-up periods, so the study design criterion is not met.",no,"As a systematic review of observational studies, there is no mention of specific timeframes between dietary changes and outcomes, so the temporal documentation is not met.",Exclude,"The systematic review explores diet quality and mental health in emerging adults, but fails to meet key screening criteria related to intervention design, temporal documentation, and study methodology. While addressing relevant mental health outcomes and population age, the observational nature of the research and lack of specific intervention details prevent it from satisfying the comprehensive screening requirements.",0.9
Lettuce be happy: A longitudinal UK study on the relationship between fruit and vegetable consumption and well-being,"Neel Ocean, P. Howley, J. Ensor",10.1016/j.socscimed.2018.12.017,https://doi.org/10.1016/j.socscimed.2018.12.017,Social Science & Medicine (1967),132,2019,no,The abstract does not mention assessment of baseline dietary patterns. It focuses on changes in fruit and vegetable consumption but does not specify if poor dietary patterns were confirmed at baseline.,maybe,"The abstract mentions controlling for ""diet, health, and lifestyle behaviours"" but does not explicitly state whether other lifestyle interventions were isolated from the dietary intervention. Therefore, the reasoning is unclear whether the dietary intervention was studied independently of other major lifestyle interventions.",maybe,"While the study examines fruit and vegetable consumption, which are components of dietary patterns, it is not clear if this is studied as part of a broader dietary pattern improvement or in isolation.",maybe,"The study appears to focus on general population mental well-being rather than severe mental illness, though this is not explicitly stated.",yes,The study clearly includes quantitative measures of mental well-being (GHQ-12) and life satisfaction as primary outcomes.,maybe,"The abstract does not specify the age range of participants, though the UK Household Longitudinal Survey typically includes adults.",yes,"The study is longitudinal with multiple waves over 7 years, well exceeding the 2-week minimum requirement.",yes,"The study uses longitudinal data collected between 2010 and 2017 with three waves, indicating clear temporal documentation.",Include,"A longitudinal study examining fruit and vegetable consumption's impact on mental well-being demonstrates strong methodological elements like temporal documentation and quantitative outcome measures. However, significant uncertainties exist regarding intervention isolation, baseline dietary assessment, and precise intervention type, which complicate a definitive screening assessment. The research provides promising insights into dietary influences on mental health while leaving several key screening criteria partially or incompletely addressed.",3
Maternal and early postnatal nutrition and mental health of offspring by age 5 years: a prospective cohort study.,"F. Jacka, E. Ystrøm, A. Brantsaeter, E. Karevold, C. Roth, M. Haugen, H. Meltzer, Synnve Schjølberg, M. Berk",10.1016/j.jaac.2013.07.002,https://doi.org/10.1016/j.jaac.2013.07.002,Journal of the American Academy of Child and Adolescent Psychiatry,242,2013,maybe,"The study does assess dietary patterns and characterizes them as ""healthy"" or ""unhealthy,"" but it's not clear if it specifically confirms poor dietary patterns at baseline.",maybe,"The study examines dietary patterns independently, without mention of other lifestyle interventions. However, this is an observational study rather than an intervention study, which may affect its relevance.",yes,"The study examines whole dietary patterns rather than single nutrients, meeting this criterion.",yes,"The study focuses on general population children rather than those with severe mental illness, meeting this criterion.",maybe,"The study measures ""internalizing and externalizing problems"" which are related to mental well-being, but these are not exactly the same as life satisfaction or mental well-being as primary outcomes. The measures are more focused on behavioral and emotional problems.",no,"The study focuses on children aged 1.5-5 years, not adults (18+), which fails this critical criterion.",yes,"The study is longitudinal (cohort study) with follow-up from 1.5 to 5 years, meeting this criterion.",yes,"The study has clear temporal documentation, following children from 1.5 to 5 years of age with specific timepoints.",Exclude,"The study focuses on children's dietary patterns and mental health outcomes, which fundamentally conflicts with the requirement for adult participants aged 18 or older. While the research demonstrates rigorous methodology in examining dietary influences on child behavioral development, it fails to meet critical screening criteria related to population age and intervention type. The observational nature of the study and its focus on children's mental health problems further disqualify it from meeting the systematic review's specified requirements.",0.5